directory	index_path	index_status	overview_path	overview_status
/data/data/com.termux/files/home/01.civilization-system/12.common-os/010.constitution	/data/data/com.termux/files/home/01.civilization-system/12.common-os/010.constitution/000000_010_CONSTITUTION_INDEX.md	created	/data/data/com.termux/files/home/01.civilization-system/12.common-os/010.constitution/000001_010_CONSTITUTION_OVERVIEW.md	created
/data/data/com.termux/files/home/01.civilization-system/12.common-os/020.architecture	/data/data/com.termux/files/home/01.civilization-system/12.common-os/020.architecture/000000_020_ARCHITECTURE_INDEX.md	created	/data/data/com.termux/files/home/01.civilization-system/12.common-os/020.architecture/000001_020_ARCHITECTURE_OVERVIEW.md	created
/data/data/com.termux/files/home/01.civilization-system/12.common-os/030.model	/data/data/com.termux/files/home/01.civilization-system/12.common-os/030.model/000000_030_MODEL_INDEX.md	created	/data/data/com.termux/files/home/01.civilization-system/12.common-os/030.model/000001_030_MODEL_OVERVIEW.md	created
/data/data/com.termux/files/home/01.civilization-system/12.common-os/040.runtime	/data/data/com.termux/files/home/01.civilization-system/12.common-os/040.runtime/000000_040_RUNTIME_INDEX.md	created	/data/data/com.termux/files/home/01.civilization-system/12.common-os/040.runtime/000001_040_RUNTIME_OVERVIEW.md	created
/data/data/com.termux/files/home/01.civilization-system/12.common-os/050.flow	/data/data/com.termux/files/home/01.civilization-system/12.common-os/050.flow/000000_050_FLOW_INDEX.md	created	/data/data/com.termux/files/home/01.civilization-system/12.common-os/050.flow/000001_050_FLOW_OVERVIEW.md	created
/data/data/com.termux/files/home/01.civilization-system/12.common-os/060.integration	/data/data/com.termux/files/home/01.civilization-system/12.common-os/060.integration/000000_060_INTEGRATION_INDEX.md	created	/data/data/com.termux/files/home/01.civilization-system/12.common-os/060.integration/000001_060_INTEGRATION_OVERVIEW.md	created
/data/data/com.termux/files/home/01.civilization-system/12.common-os/070.operations	/data/data/com.termux/files/home/01.civilization-system/12.common-os/070.operations/000000_070_OPERATIONS_INDEX.md	created	/data/data/com.termux/files/home/01.civilization-system/12.common-os/070.operations/000001_070_OPERATIONS_OVERVIEW.md	created
/data/data/com.termux/files/home/01.civilization-system/12.common-os/080.policy	/data/data/com.termux/files/home/01.civilization-system/12.common-os/080.policy/000000_080_POLICY_INDEX.md	created	/data/data/com.termux/files/home/01.civilization-system/12.common-os/080.policy/000001_080_POLICY_OVERVIEW.md	created
/data/data/com.termux/files/home/01.civilization-system/12.common-os/090.interface	/data/data/com.termux/files/home/01.civilization-system/12.common-os/090.interface/000000_090_INTERFACE_INDEX.md	created	/data/data/com.termux/files/home/01.civilization-system/12.common-os/090.interface/000001_090_INTERFACE_OVERVIEW.md	created
/data/data/com.termux/files/home/01.civilization-system/12.common-os/100.security	/data/data/com.termux/files/home/01.civilization-system/12.common-os/100.security/000000_100_SECURITY_INDEX.md	created	/data/data/com.termux/files/home/01.civilization-system/12.common-os/100.security/000001_100_SECURITY_OVERVIEW.md	created
/data/data/com.termux/files/home/01.civilization-system/12.common-os/110.infrastructure	/data/data/com.termux/files/home/01.civilization-system/12.common-os/110.infrastructure/000000_110_INFRASTRUCTURE_INDEX.md	created	/data/data/com.termux/files/home/01.civilization-system/12.common-os/110.infrastructure/000001_110_INFRASTRUCTURE_OVERVIEW.md	created
/data/data/com.termux/files/home/01.civilization-system/12.common-os/120.implementation	/data/data/com.termux/files/home/01.civilization-system/12.common-os/120.implementation/000000_120_IMPLEMENTATION_INDEX.md	created	/data/data/com.termux/files/home/01.civilization-system/12.common-os/120.implementation/000001_120_IMPLEMENTATION_OVERVIEW.md	created
/data/data/com.termux/files/home/01.civilization-system/12.common-os/130.development	/data/data/com.termux/files/home/01.civilization-system/12.common-os/130.development/000000_130_DEVELOPMENT_INDEX.md	created	/data/data/com.termux/files/home/01.civilization-system/12.common-os/130.development/000001_130_DEVELOPMENT_OVERVIEW.md	created
/data/data/com.termux/files/home/01.civilization-system/12.common-os/900.bible	/data/data/com.termux/files/home/01.civilization-system/12.common-os/900.bible/000000_900_BIBLE_INDEX.md	created	/data/data/com.termux/files/home/01.civilization-system/12.common-os/900.bible/000001_900_BIBLE_OVERVIEW.md	created
/data/data/com.termux/files/home/01.civilization-system/12.common-os/900.meta	/data/data/com.termux/files/home/01.civilization-system/12.common-os/900.meta/000000_900_META_INDEX.md	created	/data/data/com.termux/files/home/01.civilization-system/12.common-os/900.meta/000001_900_META_OVERVIEW.md	created
/data/data/com.termux/files/home/01.civilization-system/12.common-os/920.meta	/data/data/com.termux/files/home/01.civilization-system/12.common-os/920.meta/000000_920_META_INDEX.md	created	/data/data/com.termux/files/home/01.civilization-system/12.common-os/920.meta/000001_920_META_OVERVIEW.md	created
/data/data/com.termux/files/home/01.civilization-system/12.common-os/930.quarantine	/data/data/com.termux/files/home/01.civilization-system/12.common-os/930.quarantine/000000_930_QUARANTINE_INDEX.md	created	/data/data/com.termux/files/home/01.civilization-system/12.common-os/930.quarantine/000001_930_QUARANTINE_OVERVIEW.md	created
/data/data/com.termux/files/home/01.civilization-system/12.common-os/993.upload-8-balanced	/data/data/com.termux/files/home/01.civilization-system/12.common-os/993.upload-8-balanced/000000_993_UPLOAD_8_BALANCED_INDEX.md	created	/data/data/com.termux/files/home/01.civilization-system/12.common-os/993.upload-8-balanced/000001_993_UPLOAD_8_BALANCED_OVERVIEW.md	created
/data/data/com.termux/files/home/01.civilization-system/12.common-os/999.archive	/data/data/com.termux/files/home/01.civilization-system/12.common-os/999.archive/000000_999_ARCHIVE_INDEX.md	created	/data/data/com.termux/files/home/01.civilization-system/12.common-os/999.archive/000001_999_ARCHIVE_OVERVIEW.md	created
