category	file	line	excerpt
REVIEW_BOUNDARY	/data/data/com.termux/files/home/01.civilization-system/01.civilization-os/120.implementation/006.player/1200060006_PLAYER_TO_PERSONA_BINDING_IMPLEMENTATION.md	108			- persona mutable state
REVIEW_BOUNDARY	/data/data/com.termux/files/home/01.civilization-system/01.civilization-os/120.implementation/006.player/1200060006_PLAYER_TO_PERSONA_BINDING_IMPLEMENTATION.md	109			- persona memory
REVIEW_BOUNDARY	/data/data/com.termux/files/home/01.civilization-system/01.civilization-os/120.implementation/006.player/1200060006_PLAYER_TO_PERSONA_BINDING_IMPLEMENTATION.md	110			- persona growth
REVIEW_BOUNDARY	/data/data/com.termux/files/home/01.civilization-system/01.civilization-os/120.implementation/006.player/1200060006_PLAYER_TO_PERSONA_BINDING_IMPLEMENTATION.md	111			- persona emotion or tone
REVIEW_BOUNDARY	/data/data/com.termux/files/home/01.civilization-system/01.civilization-os/120.implementation/006.player/1200060006_PLAYER_TO_PERSONA_BINDING_IMPLEMENTATION.md	112			- persona visual mutable canon
SNAPSHOT_REFERENCE	/data/data/com.termux/files/home/01.civilization-system/01.civilization-os/120.implementation/006.player/1200060006_PLAYER_TO_PERSONA_BINDING_IMPLEMENTATION.md	120			- signed snapshot reference where applicable
REVIEW_BOUNDARY	/data/data/com.termux/files/home/01.civilization-system/01.civilization-os/120.implementation/007.persona/010.persona-core/1200070001_PERSONA_STATE_MACHINE_IMPLEMENTATION.md	105			- persona states fixed
REVIEW_BOUNDARY	/data/data/com.termux/files/home/01.civilization-system/01.civilization-os/120.implementation/007.persona/010.persona-core/1200070001_PERSONA_STATE_MACHINE_IMPLEMENTATION.md	124			- internal mutable persona core
REVIEW_BOUNDARY	/data/data/com.termux/files/home/01.civilization-system/01.civilization-os/120.implementation/007.persona/010.persona-core/1200070001_PERSONA_STATE_MACHINE_IMPLEMENTATION.md	133			PersonaOS owns internal mutable interpretation and internal application outcome.
REVIEW_BOUNDARY	/data/data/com.termux/files/home/01.civilization-system/01.civilization-os/120.implementation/007.persona/010.persona-core/1200070001_PERSONA_STATE_MACHINE_IMPLEMENTATION.md	16			Defines canonical persona state transition surface.
REVIEW_BOUNDARY	/data/data/com.termux/files/home/01.civilization-system/01.civilization-os/120.implementation/007.persona/010.persona-core/1200070001_PERSONA_STATE_MACHINE_IMPLEMENTATION.md	21			- persona states
REVIEW_BOUNDARY	/data/data/com.termux/files/home/01.civilization-system/01.civilization-os/120.implementation/007.persona/010.persona-core/1200070001_PERSONA_STATE_MACHINE_IMPLEMENTATION.md	28			Canonical persona state truth remains persona-owned canonical state.
REVIEW_BOUNDARY	/data/data/com.termux/files/home/01.civilization-system/01.civilization-os/120.implementation/007.persona/010.persona-core/1200070001_PERSONA_STATE_MACHINE_IMPLEMENTATION.md	62			Allowed persona states	
REVIEW_BOUNDARY	/data/data/com.termux/files/home/01.civilization-system/01.civilization-os/120.implementation/007.persona/010.persona-core/120_010.PERSONA_CORE_IMPLEMENTATION.md	19			into canonical persona state, control points, interaction rules, and fail-closed handling.
REVIEW_BOUNDARY	/data/data/com.termux/files/home/01.civilization-system/01.civilization-os/120.implementation/007.persona/010.persona-core/120_010.PERSONA_CORE_IMPLEMENTATION.md	23			- persona state holder
REVIEW_BOUNDARY	/data/data/com.termux/files/home/01.civilization-system/01.civilization-os/120.implementation/007.persona/010.persona-core/120_010.PERSONA_CORE_IMPLEMENTATION.md	31			- define canonical persona entities
REVIEW_BOUNDARY	/data/data/com.termux/files/home/01.civilization-system/01.civilization-os/120.implementation/007.persona/010.persona-core/120_010.PERSONA_CORE_IMPLEMENTATION.md	32			- define mutable vs immutable persona state
REVIEW_BOUNDARY	/data/data/com.termux/files/home/01.civilization-system/01.civilization-os/120.implementation/007.persona/010.persona-placement/120_010.PERSONA_PLACEMENT_IMPLEMENTATION.md	19			into canonical persona state, control points, interaction rules, and fail-closed handling.
REVIEW_BOUNDARY	/data/data/com.termux/files/home/01.civilization-system/01.civilization-os/120.implementation/007.persona/010.persona-placement/120_010.PERSONA_PLACEMENT_IMPLEMENTATION.md	23			- persona state holder
REVIEW_BOUNDARY	/data/data/com.termux/files/home/01.civilization-system/01.civilization-os/120.implementation/007.persona/010.persona-placement/120_010.PERSONA_PLACEMENT_IMPLEMENTATION.md	31			- define canonical persona entities
REVIEW_BOUNDARY	/data/data/com.termux/files/home/01.civilization-system/01.civilization-os/120.implementation/007.persona/010.persona-placement/120_010.PERSONA_PLACEMENT_IMPLEMENTATION.md	32			- define mutable vs immutable persona state
REVIEW_BOUNDARY	/data/data/com.termux/files/home/01.civilization-system/01.civilization-os/120.implementation/007.persona/020.persona-behavior-binding/120_020.PERSONA_BEHAVIOR_BINDING_IMPLEMENTATION.md	19			into canonical persona state, control points, interaction rules, and fail-closed handling.
REVIEW_BOUNDARY	/data/data/com.termux/files/home/01.civilization-system/01.civilization-os/120.implementation/007.persona/020.persona-behavior-binding/120_020.PERSONA_BEHAVIOR_BINDING_IMPLEMENTATION.md	23			- persona state holder
REVIEW_BOUNDARY	/data/data/com.termux/files/home/01.civilization-system/01.civilization-os/120.implementation/007.persona/020.persona-behavior-binding/120_020.PERSONA_BEHAVIOR_BINDING_IMPLEMENTATION.md	31			- define canonical persona entities
REVIEW_BOUNDARY	/data/data/com.termux/files/home/01.civilization-system/01.civilization-os/120.implementation/007.persona/020.persona-behavior-binding/120_020.PERSONA_BEHAVIOR_BINDING_IMPLEMENTATION.md	32			- define mutable vs immutable persona state
REVIEW_BOUNDARY	/data/data/com.termux/files/home/01.civilization-system/01.civilization-os/120.implementation/007.persona/020.persona-state/120_PERSONA_STATE_IMPLEMENTATION.md	14			Defines the implementation design for persona state structures.
REVIEW_BOUNDARY	/data/data/com.termux/files/home/01.civilization-system/01.civilization-os/120.implementation/007.persona/020.snapshot/120_020.SNAPSHOT_IMPLEMENTATION.md	19			into canonical persona state, control points, interaction rules, and fail-closed handling.
REVIEW_BOUNDARY	/data/data/com.termux/files/home/01.civilization-system/01.civilization-os/120.implementation/007.persona/020.snapshot/120_020.SNAPSHOT_IMPLEMENTATION.md	23			- persona state holder
REVIEW_BOUNDARY	/data/data/com.termux/files/home/01.civilization-system/01.civilization-os/120.implementation/007.persona/020.snapshot/120_020.SNAPSHOT_IMPLEMENTATION.md	31			- define canonical persona entities
REVIEW_BOUNDARY	/data/data/com.termux/files/home/01.civilization-system/01.civilization-os/120.implementation/007.persona/020.snapshot/120_020.SNAPSHOT_IMPLEMENTATION.md	32			- define mutable vs immutable persona state
REVIEW_BOUNDARY	/data/data/com.termux/files/home/01.civilization-system/01.civilization-os/120.implementation/007.persona/020.snapshot/120_SNAPSHOT_IMPLEMENTATION.md	14			Defines the implementation design for persona snapshots.
REVIEW_BOUNDARY	/data/data/com.termux/files/home/01.civilization-system/01.civilization-os/120.implementation/007.persona/030.persona-society-link/120_030.PERSONA_SOCIETY_LINK_IMPLEMENTATION.md	19			into canonical persona state, control points, interaction rules, and fail-closed handling.
REVIEW_BOUNDARY	/data/data/com.termux/files/home/01.civilization-system/01.civilization-os/120.implementation/007.persona/030.persona-society-link/120_030.PERSONA_SOCIETY_LINK_IMPLEMENTATION.md	23			- persona state holder
REVIEW_BOUNDARY	/data/data/com.termux/files/home/01.civilization-system/01.civilization-os/120.implementation/007.persona/030.persona-society-link/120_030.PERSONA_SOCIETY_LINK_IMPLEMENTATION.md	31			- define canonical persona entities
REVIEW_BOUNDARY	/data/data/com.termux/files/home/01.civilization-system/01.civilization-os/120.implementation/007.persona/030.persona-society-link/120_030.PERSONA_SOCIETY_LINK_IMPLEMENTATION.md	32			- define mutable vs immutable persona state
REVIEW_BOUNDARY	/data/data/com.termux/files/home/01.civilization-system/01.civilization-os/120.implementation/007.persona/030.reincarnation/120_030.REINCARNATION_IMPLEMENTATION.md	19			into canonical persona state, control points, interaction rules, and fail-closed handling.
REVIEW_BOUNDARY	/data/data/com.termux/files/home/01.civilization-system/01.civilization-os/120.implementation/007.persona/030.reincarnation/120_030.REINCARNATION_IMPLEMENTATION.md	23			- persona state holder
REVIEW_BOUNDARY	/data/data/com.termux/files/home/01.civilization-system/01.civilization-os/120.implementation/007.persona/030.reincarnation/120_030.REINCARNATION_IMPLEMENTATION.md	31			- define canonical persona entities
REVIEW_BOUNDARY	/data/data/com.termux/files/home/01.civilization-system/01.civilization-os/120.implementation/007.persona/030.reincarnation/120_030.REINCARNATION_IMPLEMENTATION.md	32			- define mutable vs immutable persona state
REVIEW_BOUNDARY	/data/data/com.termux/files/home/01.civilization-system/01.civilization-os/120.implementation/007.persona/040.personality-evolution/120_040.PERSONALITY_EVOLUTION_IMPLEMENTATION.md	19			into canonical persona state, control points, interaction rules, and fail-closed handling.
REVIEW_BOUNDARY	/data/data/com.termux/files/home/01.civilization-system/01.civilization-os/120.implementation/007.persona/040.personality-evolution/120_040.PERSONALITY_EVOLUTION_IMPLEMENTATION.md	23			- persona state holder
REVIEW_BOUNDARY	/data/data/com.termux/files/home/01.civilization-system/01.civilization-os/120.implementation/007.persona/040.personality-evolution/120_040.PERSONALITY_EVOLUTION_IMPLEMENTATION.md	31			- define canonical persona entities
REVIEW_BOUNDARY	/data/data/com.termux/files/home/01.civilization-system/01.civilization-os/120.implementation/007.persona/040.personality-evolution/120_040.PERSONALITY_EVOLUTION_IMPLEMENTATION.md	32			- define mutable vs immutable persona state
REVIEW_BOUNDARY	/data/data/com.termux/files/home/01.civilization-system/01.civilization-os/120.implementation/007.persona/050.release-and-distribution/120_050.RELEASE_AND_DISTRIBUTION_IMPLEMENTATION.md	19			into canonical persona state, control points, interaction rules, and fail-closed handling.
REVIEW_BOUNDARY	/data/data/com.termux/files/home/01.civilization-system/01.civilization-os/120.implementation/007.persona/050.release-and-distribution/120_050.RELEASE_AND_DISTRIBUTION_IMPLEMENTATION.md	23			- persona state holder
REVIEW_BOUNDARY	/data/data/com.termux/files/home/01.civilization-system/01.civilization-os/120.implementation/007.persona/050.release-and-distribution/120_050.RELEASE_AND_DISTRIBUTION_IMPLEMENTATION.md	31			- define canonical persona entities
REVIEW_BOUNDARY	/data/data/com.termux/files/home/01.civilization-system/01.civilization-os/120.implementation/007.persona/050.release-and-distribution/120_050.RELEASE_AND_DISTRIBUTION_IMPLEMENTATION.md	32			- define mutable vs immutable persona state
REVIEW_BOUNDARY	/data/data/com.termux/files/home/01.civilization-system/01.civilization-os/120.implementation/007.persona/060.license-and-boundary/120_060.LICENSE_AND_BOUNDARY_IMPLEMENTATION.md	19			into canonical persona state, control points, interaction rules, and fail-closed handling.
REVIEW_BOUNDARY	/data/data/com.termux/files/home/01.civilization-system/01.civilization-os/120.implementation/007.persona/060.license-and-boundary/120_060.LICENSE_AND_BOUNDARY_IMPLEMENTATION.md	23			- persona state holder
REVIEW_BOUNDARY	/data/data/com.termux/files/home/01.civilization-system/01.civilization-os/120.implementation/007.persona/060.license-and-boundary/120_060.LICENSE_AND_BOUNDARY_IMPLEMENTATION.md	31			- define canonical persona entities
REVIEW_BOUNDARY	/data/data/com.termux/files/home/01.civilization-system/01.civilization-os/120.implementation/007.persona/060.license-and-boundary/120_060.LICENSE_AND_BOUNDARY_IMPLEMENTATION.md	32			- define mutable vs immutable persona state
REVIEW_BOUNDARY	/data/data/com.termux/files/home/01.civilization-system/01.civilization-os/120.implementation/007.persona/070.commerce-boundary/120_070.COMMERCE_BOUNDARY_IMPLEMENTATION.md	19			into canonical persona state, control points, interaction rules, and fail-closed handling.
REVIEW_BOUNDARY	/data/data/com.termux/files/home/01.civilization-system/01.civilization-os/120.implementation/007.persona/070.commerce-boundary/120_070.COMMERCE_BOUNDARY_IMPLEMENTATION.md	23			- persona state holder
REVIEW_BOUNDARY	/data/data/com.termux/files/home/01.civilization-system/01.civilization-os/120.implementation/007.persona/070.commerce-boundary/120_070.COMMERCE_BOUNDARY_IMPLEMENTATION.md	31			- define canonical persona entities
REVIEW_BOUNDARY	/data/data/com.termux/files/home/01.civilization-system/01.civilization-os/120.implementation/007.persona/070.commerce-boundary/120_070.COMMERCE_BOUNDARY_IMPLEMENTATION.md	32			- define mutable vs immutable persona state
REVIEW_BOUNDARY	/data/data/com.termux/files/home/01.civilization-system/01.civilization-os/120.implementation/007.persona/080.relationship/120_080.RELATIONSHIP_IMPLEMENTATION.md	19			into canonical persona state, control points, interaction rules, and fail-closed handling.
REVIEW_BOUNDARY	/data/data/com.termux/files/home/01.civilization-system/01.civilization-os/120.implementation/007.persona/080.relationship/120_080.RELATIONSHIP_IMPLEMENTATION.md	23			- persona state holder
REVIEW_BOUNDARY	/data/data/com.termux/files/home/01.civilization-system/01.civilization-os/120.implementation/007.persona/080.relationship/120_080.RELATIONSHIP_IMPLEMENTATION.md	31			- define canonical persona entities
REVIEW_BOUNDARY	/data/data/com.termux/files/home/01.civilization-system/01.civilization-os/120.implementation/007.persona/080.relationship/120_080.RELATIONSHIP_IMPLEMENTATION.md	32			- define mutable vs immutable persona state
REVIEW_BOUNDARY	/data/data/com.termux/files/home/01.civilization-system/01.civilization-os/120.implementation/007.persona/090.life-event/1200070002_PERSONA_LIFE_CYCLE_IMPLEMENTATION.md	110			PersonaOS owns	
REVIEW_BOUNDARY	/data/data/com.termux/files/home/01.civilization-system/01.civilization-os/120.implementation/007.persona/090.life-event/1200070002_PERSONA_LIFE_CYCLE_IMPLEMENTATION.md	62			Life-cycle stages must remain distinguishable from persona state machine.
REVIEW_BOUNDARY	/data/data/com.termux/files/home/01.civilization-system/01.civilization-os/120.implementation/007.persona/090.life-event/1200070002_PERSONA_LIFE_CYCLE_IMPLEMENTATION.md	91			- persona state transition trace
REVIEW_BOUNDARY	/data/data/com.termux/files/home/01.civilization-system/01.civilization-os/120.implementation/007.persona/090.life-event/120_090.LIFE_EVENT_IMPLEMENTATION.md	19			into canonical persona state, control points, interaction rules, and fail-closed handling.
REVIEW_BOUNDARY	/data/data/com.termux/files/home/01.civilization-system/01.civilization-os/120.implementation/007.persona/090.life-event/120_090.LIFE_EVENT_IMPLEMENTATION.md	23			- persona state holder
REVIEW_BOUNDARY	/data/data/com.termux/files/home/01.civilization-system/01.civilization-os/120.implementation/007.persona/090.life-event/120_090.LIFE_EVENT_IMPLEMENTATION.md	31			- define canonical persona entities
REVIEW_BOUNDARY	/data/data/com.termux/files/home/01.civilization-system/01.civilization-os/120.implementation/007.persona/090.life-event/120_090.LIFE_EVENT_IMPLEMENTATION.md	32			- define mutable vs immutable persona state
REVIEW_BOUNDARY	/data/data/com.termux/files/home/01.civilization-system/01.civilization-os/120.implementation/007.persona/090.life-event/120_LIFE_EVENT_IMPLEMENTATION.md	58			- persona state transition trace
REVIEW_BOUNDARY	/data/data/com.termux/files/home/01.civilization-system/01.civilization-os/120.implementation/007.persona/100.life-expectancy/120_100.LIFE_EXPECTANCY_IMPLEMENTATION.md	19			into canonical persona state, control points, interaction rules, and fail-closed handling.
REVIEW_BOUNDARY	/data/data/com.termux/files/home/01.civilization-system/01.civilization-os/120.implementation/007.persona/100.life-expectancy/120_100.LIFE_EXPECTANCY_IMPLEMENTATION.md	23			- persona state holder
REVIEW_BOUNDARY	/data/data/com.termux/files/home/01.civilization-system/01.civilization-os/120.implementation/007.persona/100.life-expectancy/120_100.LIFE_EXPECTANCY_IMPLEMENTATION.md	31			- define canonical persona entities
REVIEW_BOUNDARY	/data/data/com.termux/files/home/01.civilization-system/01.civilization-os/120.implementation/007.persona/100.life-expectancy/120_100.LIFE_EXPECTANCY_IMPLEMENTATION.md	32			- define mutable vs immutable persona state
REVIEW_BOUNDARY	/data/data/com.termux/files/home/01.civilization-system/01.civilization-os/120.implementation/007.persona/110.skill-growth/120_110.SKILL_GROWTH_IMPLEMENTATION.md	19			into canonical persona state, control points, interaction rules, and fail-closed handling.
REVIEW_BOUNDARY	/data/data/com.termux/files/home/01.civilization-system/01.civilization-os/120.implementation/007.persona/110.skill-growth/120_110.SKILL_GROWTH_IMPLEMENTATION.md	23			- persona state holder
REVIEW_BOUNDARY	/data/data/com.termux/files/home/01.civilization-system/01.civilization-os/120.implementation/007.persona/110.skill-growth/120_110.SKILL_GROWTH_IMPLEMENTATION.md	31			- define canonical persona entities
REVIEW_BOUNDARY	/data/data/com.termux/files/home/01.civilization-system/01.civilization-os/120.implementation/007.persona/110.skill-growth/120_110.SKILL_GROWTH_IMPLEMENTATION.md	32			- define mutable vs immutable persona state
SNAPSHOT_REFERENCE	/data/data/com.termux/files/home/01.civilization-system/01.civilization-os/120.implementation/012.integration/080.persona-event-contract/1200120801_PERSONA_CANONICAL_BOUNDARY_RULE.md	105			- signed snapshot refreshed or not refreshed
HIGH_RISK_OWNERSHIP_WORDING	/data/data/com.termux/files/home/01.civilization-system/01.civilization-os/120.implementation/012.integration/080.persona-event-contract/1200120801_PERSONA_CANONICAL_BOUNDARY_RULE.md	114			- CivilizationOS owns persona mutable canon
REVIEW_BOUNDARY	/data/data/com.termux/files/home/01.civilization-system/01.civilization-os/120.implementation/012.integration/080.persona-event-contract/1200120801_PERSONA_CANONICAL_BOUNDARY_RULE.md	115			- CivilizationOS stores persona memory or growth canon
REVIEW_BOUNDARY	/data/data/com.termux/files/home/01.civilization-system/01.civilization-os/120.implementation/012.integration/080.persona-event-contract/1200120801_PERSONA_CANONICAL_BOUNDARY_RULE.md	116			- CivilizationOS directly updates persona mutable internals
SNAPSHOT_REFERENCE	/data/data/com.termux/files/home/01.civilization-system/01.civilization-os/120.implementation/012.integration/080.persona-event-contract/1200120801_PERSONA_CANONICAL_BOUNDARY_RULE.md	117			- signed snapshot acts as mutable-state authority
SNAPSHOT_REFERENCE	/data/data/com.termux/files/home/01.civilization-system/01.civilization-os/120.implementation/012.integration/080.persona-event-contract/1200120801_PERSONA_CANONICAL_BOUNDARY_RULE.md	123			- signed snapshot consumption
REVIEW_BOUNDARY	/data/data/com.termux/files/home/01.civilization-system/01.civilization-os/120.implementation/012.integration/080.persona-event-contract/1200120801_PERSONA_CANONICAL_BOUNDARY_RULE.md	26			CivilizationOS owns	
SNAPSHOT_REFERENCE	/data/data/com.termux/files/home/01.civilization-system/01.civilization-os/120.implementation/012.integration/080.persona-event-contract/1200120801_PERSONA_CANONICAL_BOUNDARY_RULE.md	33			- public display consumption of signed snapshot
REVIEW_BOUNDARY	/data/data/com.termux/files/home/01.civilization-system/01.civilization-os/120.implementation/012.integration/080.persona-event-contract/1200120801_PERSONA_CANONICAL_BOUNDARY_RULE.md	38			PersonaOS owns	
REVIEW_BOUNDARY	/data/data/com.termux/files/home/01.civilization-system/01.civilization-os/120.implementation/012.integration/080.persona-event-contract/1200120801_PERSONA_CANONICAL_BOUNDARY_RULE.md	40			- persona mutable state
REVIEW_BOUNDARY	/data/data/com.termux/files/home/01.civilization-system/01.civilization-os/120.implementation/012.integration/080.persona-event-contract/1200120801_PERSONA_CANONICAL_BOUNDARY_RULE.md	48			CivilizationOS must not directly hold or directly update persona mutable state.
SNAPSHOT_REFERENCE	/data/data/com.termux/files/home/01.civilization-system/01.civilization-os/120.implementation/012.integration/080.persona-event-contract/1200120801_PERSONA_CANONICAL_BOUNDARY_RULE.md	62			Public or external representation must use signed snapshot.
SNAPSHOT_REFERENCE	/data/data/com.termux/files/home/01.civilization-system/01.civilization-os/120.implementation/012.integration/080.persona-event-contract/1200120801_PERSONA_CANONICAL_BOUNDARY_RULE.md	64			CivilizationOS consumes signed snapshot.
REVIEW_BOUNDARY	/data/data/com.termux/files/home/01.civilization-system/01.civilization-os/120.implementation/012.integration/080.persona-event-contract/1200120801_PERSONA_CANONICAL_BOUNDARY_RULE.md	65			CivilizationOS does not reconstruct persona mutable truth from direct mutable access.
SNAPSHOT_REFERENCE	/data/data/com.termux/files/home/01.civilization-system/01.civilization-os/120.implementation/012.integration/080.persona-event-contract/1200120801_PERSONA_CANONICAL_BOUNDARY_RULE.md	92			- signed snapshot consumption rule fixed
SNAPSHOT_REFERENCE	/data/data/com.termux/files/home/01.civilization-system/01.civilization-os/120.implementation/012.integration/080.persona-event-contract/1200120802_PERSONA_EVENT_CONTRACT_MASTER.md	124			But signed snapshot is consumption input only,
REVIEW_BOUNDARY	/data/data/com.termux/files/home/01.civilization-system/01.civilization-os/120.implementation/012.integration/080.persona-event-contract/1200120803_PERSONA_EVENT_CONTRACT_PURCHASE_GRANT_REVOKE_WORLD_EVENT_LIFE_EVENT.md	145			- CivilizationOS owns only the world-side life-event fact it generated
REVIEW_BOUNDARY	/data/data/com.termux/files/home/01.civilization-system/01.civilization-os/120.implementation/012.integration/080.persona-event-contract/1200120803_PERSONA_EVENT_CONTRACT_PURCHASE_GRANT_REVOKE_WORLD_EVENT_LIFE_EVENT.md	146			- PersonaOS owns internal persona-side mutable interpretation and application
SNAPSHOT_REFERENCE	/data/data/com.termux/files/home/01.civilization-system/01.civilization-os/120.implementation/012.integration/080.persona-event-contract/1200120803_PERSONA_EVENT_CONTRACT_PURCHASE_GRANT_REVOKE_WORLD_EVENT_LIFE_EVENT.md	176			- signed snapshot refresh reference when applicable
REVIEW_BOUNDARY	/data/data/com.termux/files/home/01.civilization-system/01.civilization-os/120.implementation/012.integration/080.persona-event-contract/1200120803_PERSONA_EVENT_CONTRACT_PURCHASE_GRANT_REVOKE_WORLD_EVENT_LIFE_EVENT.md	185			- CivilizationOS owns world-side fact generation
REVIEW_BOUNDARY	/data/data/com.termux/files/home/01.civilization-system/01.civilization-os/120.implementation/012.integration/080.persona-event-contract/1200120803_PERSONA_EVENT_CONTRACT_PURCHASE_GRANT_REVOKE_WORLD_EVENT_LIFE_EVENT.md	186			- PersonaOS owns acceptance and mutable application
SNAPSHOT_REFERENCE	/data/data/com.termux/files/home/01.civilization-system/01.civilization-os/120.implementation/012.integration/080.persona-event-contract/1200120803_PERSONA_EVENT_CONTRACT_PURCHASE_GRANT_REVOKE_WORLD_EVENT_LIFE_EVENT.md	187			- signed snapshot refresh remains PersonaOS-side issuance
SNAPSHOT_REFERENCE	/data/data/com.termux/files/home/01.civilization-system/01.civilization-os/120.implementation/012.integration/080.persona-event-contract/1200120805_PERSONA_EVENT_RECEIPT_AND_APPLY_RESULT_CONTRACT.md	110			- signed snapshot return rule fixed
SNAPSHOT_REFERENCE	/data/data/com.termux/files/home/01.civilization-system/01.civilization-os/120.implementation/012.integration/080.persona-event-contract/1200120805_PERSONA_EVENT_RECEIPT_AND_APPLY_RESULT_CONTRACT.md	120			- signed snapshot refresh pickup
SNAPSHOT_REFERENCE	/data/data/com.termux/files/home/01.civilization-system/01.civilization-os/120.implementation/012.integration/080.persona-event-contract/1200120805_PERSONA_EVENT_RECEIPT_AND_APPLY_RESULT_CONTRACT.md	26			- signed snapshot refresh reference
SNAPSHOT_REFERENCE	/data/data/com.termux/files/home/01.civilization-system/01.civilization-os/120.implementation/012.integration/080.persona-event-contract/1200120806_PERSONA_SIGNED_SNAPSHOT_CONSUMPTION_AND_REFRESH_CONTRACT.md	16			Defines how CivilizationOS consumes PersonaOS signed snapshots
SNAPSHOT_REFERENCE	/data/data/com.termux/files/home/01.civilization-system/01.civilization-os/120.implementation/012.integration/080.persona-event-contract/1200120806_PERSONA_SIGNED_SNAPSHOT_CONSUMPTION_AND_REFRESH_CONTRACT.md	23			- signed snapshot reference consumption
SNAPSHOT_REFERENCE	/data/data/com.termux/files/home/01.civilization-system/01.civilization-os/120.implementation/012.integration/080.persona-event-contract/1200120806_PERSONA_SIGNED_SNAPSHOT_CONSUMPTION_AND_REFRESH_CONTRACT.md	30			CivilizationOS consumes signed snapshot as public-display and external-use surface.
REVIEW_BOUNDARY	/data/data/com.termux/files/home/01.civilization-system/01.civilization-os/120.implementation/012.integration/080.persona-event-contract/1200120806_PERSONA_SIGNED_SNAPSHOT_CONSUMPTION_AND_REFRESH_CONTRACT.md	32			CivilizationOS does not reconstruct mutable persona truth from snapshot contents.
SNAPSHOT_REFERENCE	/data/data/com.termux/files/home/01.civilization-system/01.civilization-os/120.implementation/012.integration/080.persona-event-contract/1200120806_PERSONA_SIGNED_SNAPSHOT_CONSUMPTION_AND_REFRESH_CONTRACT.md	61			CivilizationOS must not assume a new signed snapshot exists.
SNAPSHOT_REFERENCE	/data/data/com.termux/files/home/01.civilization-system/01.civilization-os/120.implementation/012.integration/080.persona-event-contract/1200120806_PERSONA_SIGNED_SNAPSHOT_CONSUMPTION_AND_REFRESH_CONTRACT.md	67			CivilizationOS may use signed snapshot for	
SNAPSHOT_REFERENCE	/data/data/com.termux/files/home/01.civilization-system/01.civilization-os/120.implementation/012.integration/080.persona-event-contract/1200120806_PERSONA_SIGNED_SNAPSHOT_CONSUMPTION_AND_REFRESH_CONTRACT.md	74			CivilizationOS may not use signed snapshot as direct mutable-state authority.
SNAPSHOT_REFERENCE	/data/data/com.termux/files/home/01.civilization-system/01.civilization-os/120.implementation/018.meta/350.integrated-master/1201835001_INTEGRATED_MASTER_IMPLEMENTATION.md	113			- signed snapshot consumption for public display
SNAPSHOT_REFERENCE	/data/data/com.termux/files/home/01.civilization-system/01.civilization-os/120.implementation/018.meta/350.integrated-master/1201835001_INTEGRATED_MASTER_IMPLEMENTATION.md	123			- use signed snapshot as mutable-state authority
HIGH_RISK_OWNERSHIP_WORDING	/data/data/com.termux/files/home/01.civilization-system/01.civilization-os/120.implementation/018.meta/350.integrated-master/1201835001_INTEGRATED_MASTER_IMPLEMENTATION.md	91			- CivilizationOS does not directly hold persona mutable canonical truth
SNAPSHOT_REFERENCE	/data/data/com.termux/files/home/01.civilization-system/01.civilization-os/120.implementation/018.meta/350.integrated-master/1201835001_INTEGRATED_MASTER_IMPLEMENTATION.md	95			- CivilizationOS consumes signed snapshot as public-display surface only
SNAPSHOT_REFERENCE	/data/data/com.termux/files/home/01.civilization-system/01.civilization-os/120.implementation/018.meta/350.integrated-master/1201835002_CIVILIZATION_IMPLEMENTATION_READY_MASTER_ROADMAP.md	449			6. signed snapshot consumption contract
REVIEW_BOUNDARY	/data/data/com.termux/files/home/01.civilization-system/01.civilization-os/120.implementation/018.meta/350.integrated-master/1201835005_CIVILIZATION_DOMAIN_APPLY_SEQUENCE_MASTER.md	42			5. persona state machine
SNAPSHOT_REFERENCE	/data/data/com.termux/files/home/01.civilization-system/01.civilization-os/120.implementation/018.meta/350.integrated-master/1201835006_CIVILIZATION_PREIMPLEMENTATION_STATUS_AND_NEXT_PHASE_ROADMAP.md	192			- signed snapshot consumption contract
SNAPSHOT_REFERENCE	/data/data/com.termux/files/home/01.civilization-system/01.civilization-os/120.implementation/018.meta/350.integrated-master/1201835006_CIVILIZATION_PREIMPLEMENTATION_STATUS_AND_NEXT_PHASE_ROADMAP.md	199			- actual signed snapshot fetch implementation
SNAPSHOT_REFERENCE	/data/data/com.termux/files/home/01.civilization-system/01.civilization-os/120.implementation/018.meta/350.integrated-master/1201835006_CIVILIZATION_PREIMPLEMENTATION_STATUS_AND_NEXT_PHASE_ROADMAP.md	211			- signed snapshot consumption rule
SNAPSHOT_REFERENCE	/data/data/com.termux/files/home/01.civilization-system/01.civilization-os/120.implementation/018.meta/350.integrated-master/1201835006_CIVILIZATION_PREIMPLEMENTATION_STATUS_AND_NEXT_PHASE_ROADMAP.md	219			- actual signed snapshot fetch flow
SNAPSHOT_REFERENCE	/data/data/com.termux/files/home/01.civilization-system/01.civilization-os/120.implementation/018.meta/470.cross-cutting-completion/1201847017_PERSONA_DIRECT_UPDATE_PATH_ABOLITION_RULE.md	49			- signed snapshot consumption
