PERSONA_VISUAL	101811	persona visual identity:
PERSONA_VISUAL	101994	visual generation requests:
PERSONA_VISUAL	102132	Manage persona visual identity generation.:
PERSONA_VISUAL	103060	Manage persona visual identity generation.:
PERSONA_VISUAL	1034	persona visual identity:
PERSONA_VISUAL	10378	for persona visual appearance.:
PERSONA_VISUAL	10385	for persona visual appearance.:
PERSONA_VISUAL	103924	check persona visual profile default background:
PERSONA_VISUAL	104087	Defines the structural overview of persona visual domain.:
PERSONA_VISUAL	10412	used to represent a persona visually.:
PERSONA_VISUAL	10419	used to represent a persona visually.:
PERSONA_VISUAL	10452	for persona visual behavior.:
PERSONA_VISUAL	10459	for persona visual behavior.:
PERSONA_VISUAL	104852	check persona visual profile default background:
PERSONA_VISUAL	10630	for persona visual appearance.:
PERSONA_VISUAL	10666	used to represent a persona visually.:
PERSONA_VISUAL	10708	for persona visual behavior.:
PERSONA_VISUAL	109375	4. persona visual profile default background:
PERSONA_VISUAL	10994	for persona visual appearance.:
PERSONA_VISUAL	11030	used to represent a persona visually.:
PERSONA_VISUAL	11072	for persona visual behavior.:
PERSONA_VISUAL	111695	for persona visual appearance.:
PERSONA_VISUAL	111732	used to represent a persona visually.:
PERSONA_VISUAL	111775	for persona visual behavior.:
PERSONA_VISUAL	112753	Generate persona visual assets.:
PERSONA_VISUAL	114245	Generate persona visual assets.:
PERSONA_VISUAL	115173	Generate persona visual assets.:
PERSONA_VISUAL	118243	Manage persona visual identity generation.:
PERSONA_VISUAL	119000	Defines the runtime overview of persona visual execution.:
PERSONA_VISUAL	120822	check persona visual profile default background:
PERSONA_VISUAL	1212	visual generation requests:
PERSONA_VISUAL	121204	Defines the constitutional role of persona visual domain.:
PERSONA_VISUAL	121233	Defines the structural overview of persona visual domain.:
PERSONA_VISUAL	121333	for persona visual appearance.:
PERSONA_VISUAL	121363	used to represent a persona visually.:
PERSONA_VISUAL	121399	for persona visual behavior.:
PERSONA_VISUAL	122132	Defines the constitutional role of persona visual domain.:
PERSONA_VISUAL	122161	Defines the structural overview of persona visual domain.:
PERSONA_VISUAL	12224	Defines the runtime overview of persona visual execution.:
PERSONA_VISUAL	122261	for persona visual appearance.:
PERSONA_VISUAL	122291	used to represent a persona visually.:
PERSONA_VISUAL	12231	Defines the runtime overview of persona visual execution.:
PERSONA_VISUAL	122327	for persona visual behavior.:
PERSONA_VISUAL	1224	Generate persona visual assets.:
PERSONA_VISUAL	1240	persona visual identity:
PERSONA_VISUAL	1247	persona visual identity:
PERSONA_VISUAL	1286	Generate persona visual assets.:
PERSONA_VISUAL	13	Defines the constitutional role of persona visual domain.:
PERSONA_VISUAL	13	Defines the runtime overview of persona visual execution.:
PERSONA_VISUAL	13	Generate persona visual assets.:
PERSONA_VISUAL	13	Manage persona visual identity generation.:
PERSONA_VISUAL	131	- "manage persona visual identity generation" must be tightened:
PERSONA_VISUAL	131289	- "manage persona visual identity generation" must be tightened:
PERSONA_VISUAL	13136	represent persona visually.:
PERSONA_VISUAL	13174	behavior for persona visual:
PERSONA_VISUAL	131946	   - 0200005 persona visual architecture:
PERSONA_VISUAL	132073	Manage persona visual identity generation.:
PERSONA_VISUAL	132211	persona visual identity generation authority.:
PERSONA_VISUAL	132217	- "manage persona visual identity generation" must be tightened:
PERSONA_VISUAL	132874	   - 0200005 persona visual architecture:
PERSONA_VISUAL	133001	Manage persona visual identity generation.:
PERSONA_VISUAL	133139	persona visual identity generation authority.:
PERSONA_VISUAL	136125	Generate persona visual assets.:
PERSONA_VISUAL	13993	4. persona visual profile default background:
PERSONA_VISUAL	1408	visual generation requests:
PERSONA_VISUAL	140963	Defines the constitutional role of persona visual domain.:
PERSONA_VISUAL	1415	visual generation requests:
PERSONA_VISUAL	142981	persona visual identity:
PERSONA_VISUAL	143164	visual generation requests:
PERSONA_VISUAL	145257	Defines the structural overview of persona visual domain.:
PERSONA_VISUAL	148846	Defines the constitutional role of persona visual domain.:
PERSONA_VISUAL	14921	4. persona visual profile default background:
PERSONA_VISUAL	150545	4. persona visual profile default background:
PERSONA_VISUAL	151485	visual generation requests:
PERSONA_VISUAL	152983	for persona visual appearance.:
PERSONA_VISUAL	153020	used to represent a persona visually.:
PERSONA_VISUAL	153063	for persona visual behavior.:
PERSONA_VISUAL	158895	4. persona visual profile default background:
PERSONA_VISUAL	159531	Manage persona visual identity generation.:
PERSONA_VISUAL	15988	Manage persona visual identity generation.:
PERSONA_VISUAL	16	for persona visual appearance.:
PERSONA_VISUAL	16	for persona visual behavior.:
PERSONA_VISUAL	16	used to represent a persona visually.:
PERSONA_VISUAL	160288	Defines the runtime overview of persona visual execution.:
PERSONA_VISUAL	161	for persona visual appearance.:
PERSONA_VISUAL	162110	check persona visual profile default background:
PERSONA_VISUAL	16566	Manage persona visual identity generation.:
PERSONA_VISUAL	167839	for persona visual appearance.:
PERSONA_VISUAL	167870	used to represent a persona visually.:
PERSONA_VISUAL	167907	for persona visual behavior.:
PERSONA_VISUAL	175302	Manage persona visual identity generation.:
PERSONA_VISUAL	176202	Defines the runtime overview of persona visual execution.:
PERSONA_VISUAL	177641	Generate persona visual assets.:
PERSONA_VISUAL	17780	check persona visual profile default background:
PERSONA_VISUAL	178249	check persona visual profile default background:
PERSONA_VISUAL	18358	check persona visual profile default background:
PERSONA_VISUAL	18564	Manage persona visual identity generation.:
PERSONA_VISUAL	191	used to represent a persona visually.:
PERSONA_VISUAL	201453	Generate persona visual assets.:
PERSONA_VISUAL	208349	persona visual identity:
PERSONA_VISUAL	208517	visual generation requests:
PERSONA_VISUAL	210024	Manage persona visual identity generation.:
PERSONA_VISUAL	212900	Generate persona visual assets.:
PERSONA_VISUAL	214700	Defines the constitutional role of persona visual domain.:
PERSONA_VISUAL	215714	Defines the structural overview of persona visual domain.:
PERSONA_VISUAL	217487	for persona visual appearance.:
PERSONA_VISUAL	217521	used to represent a persona visually.:
PERSONA_VISUAL	217561	for persona visual behavior.:
PERSONA_VISUAL	219333	Defines the runtime overview of persona visual execution.:
PERSONA_VISUAL	22	visual generation requests:
PERSONA_VISUAL	227	for persona visual behavior.:
PERSONA_VISUAL	22937	for persona visual appearance.:
PERSONA_VISUAL	22968	used to represent a persona visually.:
PERSONA_VISUAL	23005	for persona visual behavior.:
PERSONA_VISUAL	233775	persona visual identity:
PERSONA_VISUAL	233953	visual generation requests:
PERSONA_VISUAL	23865	for persona visual appearance.:
PERSONA_VISUAL	23896	used to represent a persona visually.:
PERSONA_VISUAL	23933	for persona visual behavior.:
PERSONA_VISUAL	240097	4. persona visual profile default background:
PERSONA_VISUAL	241462	for persona visual appearance.:
PERSONA_VISUAL	241498	used to represent a persona visually.:
PERSONA_VISUAL	241540	for persona visual behavior.:
PERSONA_VISUAL	242	   - 0200005 persona visual architecture:
PERSONA_VISUAL	24619	persona visual identity:
PERSONA_VISUAL	247034	Manage persona visual identity generation.:
PERSONA_VISUAL	24787	visual generation requests:
PERSONA_VISUAL	248826	check persona visual profile default background:
PERSONA_VISUAL	2507	Manage persona visual identity generation.:
PERSONA_VISUAL	259147	Generate persona visual assets.:
PERSONA_VISUAL	25928	Generate persona visual assets.:
PERSONA_VISUAL	26294	Manage persona visual identity generation.:
PERSONA_VISUAL	26493	persona visual identity:
PERSONA_VISUAL	266106	Defines the constitutional role of persona visual domain.:
PERSONA_VISUAL	266135	Defines the structural overview of persona visual domain.:
PERSONA_VISUAL	266235	for persona visual appearance.:
PERSONA_VISUAL	266265	used to represent a persona visually.:
PERSONA_VISUAL	266301	for persona visual behavior.:
PERSONA_VISUAL	26671	visual generation requests:
PERSONA_VISUAL	27464	Generate persona visual assets.:
PERSONA_VISUAL	276191	- "manage persona visual identity generation" must be tightened:
PERSONA_VISUAL	276848	   - 0200005 persona visual architecture:
PERSONA_VISUAL	276975	Manage persona visual identity generation.:
PERSONA_VISUAL	277113	persona visual identity generation authority.:
PERSONA_VISUAL	28679	Generate persona visual assets.:
PERSONA_VISUAL	2915	Manage persona visual identity generation.:
PERSONA_VISUAL	291502	Defines the constitutional role of persona visual domain.:
PERSONA_VISUAL	29170	Generate persona visual assets.:
PERSONA_VISUAL	2922	Manage persona visual identity generation.:
PERSONA_VISUAL	293625	visual generation requests:
PERSONA_VISUAL	2997	persona visual identity:
PERSONA_VISUAL	300393	4. persona visual profile default background:
PERSONA_VISUAL	30400	Manage persona visual identity generation.:
PERSONA_VISUAL	308657	for persona visual appearance.:
PERSONA_VISUAL	308688	used to represent a persona visually.:
PERSONA_VISUAL	308725	for persona visual behavior.:
PERSONA_VISUAL	30970	Defines the constitutional role of persona visual domain.:
PERSONA_VISUAL	31	4. persona visual profile default background:
PERSONA_VISUAL	31	persona visual identity generation authority.:
PERSONA_VISUAL	3121	persona visual identity:
PERSONA_VISUAL	31300	Defines the runtime overview of persona visual execution.:
PERSONA_VISUAL	31328	Manage persona visual identity generation.:
PERSONA_VISUAL	314969	Manage persona visual identity generation.:
PERSONA_VISUAL	315641	Defines the runtime overview of persona visual execution.:
PERSONA_VISUAL	3170	visual generation requests:
PERSONA_VISUAL	317067	check persona visual profile default background:
PERSONA_VISUAL	31984	Defines the structural overview of persona visual domain.:
PERSONA_VISUAL	32	Defines the constitutional role of persona visual domain.:
PERSONA_VISUAL	32228	Defines the runtime overview of persona visual execution.:
PERSONA_VISUAL	32637	4. persona visual profile default background:
PERSONA_VISUAL	3299	visual generation requests:
PERSONA_VISUAL	33	check persona visual profile default background:
PERSONA_VISUAL	3307	persona visual identity:
PERSONA_VISUAL	33347	check persona visual profile default background:
PERSONA_VISUAL	334121	Generate persona visual assets.:
PERSONA_VISUAL	33757	for persona visual appearance.:
PERSONA_VISUAL	33791	used to represent a persona visually.:
PERSONA_VISUAL	33831	for persona visual behavior.:
PERSONA_VISUAL	34002	for persona visual appearance.:
PERSONA_VISUAL	340258	persona visual identity:
PERSONA_VISUAL	34038	used to represent a persona visually.:
PERSONA_VISUAL	340426	visual generation requests:
PERSONA_VISUAL	34080	for persona visual behavior.:
PERSONA_VISUAL	341933	Manage persona visual identity generation.:
PERSONA_VISUAL	34275	check persona visual profile default background:
PERSONA_VISUAL	34423	Defines the constitutional role of persona visual domain.:
PERSONA_VISUAL	34452	Defines the structural overview of persona visual domain.:
PERSONA_VISUAL	344809	Generate persona visual assets.:
PERSONA_VISUAL	34552	for persona visual appearance.:
PERSONA_VISUAL	34582	used to represent a persona visually.:
PERSONA_VISUAL	34618	for persona visual behavior.:
PERSONA_VISUAL	346609	Defines the constitutional role of persona visual domain.:
PERSONA_VISUAL	347623	Defines the structural overview of persona visual domain.:
PERSONA_VISUAL	3485	visual generation requests:
PERSONA_VISUAL	349396	for persona visual appearance.:
PERSONA_VISUAL	349430	used to represent a persona visually.:
PERSONA_VISUAL	349470	for persona visual behavior.:
PERSONA_VISUAL	351242	Defines the runtime overview of persona visual execution.:
PERSONA_VISUAL	35603	Defines the runtime overview of persona visual execution.:
PERSONA_VISUAL	35638	Defines the constitutional role of persona visual domain.:
PERSONA_VISUAL	35667	Defines the structural overview of persona visual domain.:
PERSONA_VISUAL	35767	for persona visual appearance.:
PERSONA_VISUAL	35797	used to represent a persona visually.:
PERSONA_VISUAL	35833	for persona visual behavior.:
PERSONA_VISUAL	365684	persona visual identity:
PERSONA_VISUAL	365862	visual generation requests:
PERSONA_VISUAL	372006	4. persona visual profile default background:
PERSONA_VISUAL	373371	for persona visual appearance.:
PERSONA_VISUAL	373407	used to represent a persona visually.:
PERSONA_VISUAL	373449	for persona visual behavior.:
PERSONA_VISUAL	378943	Manage persona visual identity generation.:
PERSONA_VISUAL	380735	check persona visual profile default background:
PERSONA_VISUAL	391056	Generate persona visual assets.:
PERSONA_VISUAL	39360	Manage persona visual identity generation.:
PERSONA_VISUAL	3944	Defines the constitutional role of persona visual domain.:
PERSONA_VISUAL	3957	Generate persona visual assets.:
PERSONA_VISUAL	398015	Defines the constitutional role of persona visual domain.:
PERSONA_VISUAL	398044	Defines the structural overview of persona visual domain.:
PERSONA_VISUAL	398144	for persona visual appearance.:
PERSONA_VISUAL	398174	used to represent a persona visually.:
PERSONA_VISUAL	398210	for persona visual behavior.:
PERSONA_VISUAL	408100	- "manage persona visual identity generation" must be tightened:
PERSONA_VISUAL	408757	   - 0200005 persona visual architecture:
PERSONA_VISUAL	408884	Manage persona visual identity generation.:
PERSONA_VISUAL	409022	persona visual identity generation authority.:
PERSONA_VISUAL	41152	check persona visual profile default background:
PERSONA_VISUAL	44508	- "manage persona visual identity generation" must be tightened:
PERSONA_VISUAL	45165	   - 0200005 persona visual architecture:
PERSONA_VISUAL	45292	Manage persona visual identity generation.:
PERSONA_VISUAL	45430	persona visual identity generation authority.:
PERSONA_VISUAL	45723	- "manage persona visual identity generation" must be tightened:
PERSONA_VISUAL	46380	   - 0200005 persona visual architecture:
PERSONA_VISUAL	46507	Manage persona visual identity generation.:
PERSONA_VISUAL	46645	persona visual identity generation authority.:
PERSONA_VISUAL	4872	Defines the constitutional role of persona visual domain.:
PERSONA_VISUAL	49865	persona visual identity:
PERSONA_VISUAL	50043	visual generation requests:
PERSONA_VISUAL	50836	Generate persona visual assets.:
PERSONA_VISUAL	56009	4. persona visual profile default background:
PERSONA_VISUAL	56551	Generate persona visual assets.:
PERSONA_VISUAL	57374	for persona visual appearance.:
PERSONA_VISUAL	57410	used to represent a persona visually.:
PERSONA_VISUAL	57452	for persona visual behavior.:
PERSONA_VISUAL	57479	Generate persona visual assets.:
PERSONA_VISUAL	57795	Defines the constitutional role of persona visual domain.:
PERSONA_VISUAL	57824	Defines the structural overview of persona visual domain.:
PERSONA_VISUAL	5791	Generate persona visual assets.:
PERSONA_VISUAL	57924	for persona visual appearance.:
PERSONA_VISUAL	57954	used to represent a persona visually.:
PERSONA_VISUAL	5798	Generate persona visual assets.:
PERSONA_VISUAL	57990	for persona visual behavior.:
PERSONA_VISUAL	61	Defines the structural overview of persona visual domain.:
PERSONA_VISUAL	62732	Manage persona visual identity generation.:
PERSONA_VISUAL	63447	persona visual identity:
PERSONA_VISUAL	63615	visual generation requests:
PERSONA_VISUAL	64375	persona visual identity:
PERSONA_VISUAL	64524	check persona visual profile default background:
PERSONA_VISUAL	64543	visual generation requests:
PERSONA_VISUAL	65122	Manage persona visual identity generation.:
PERSONA_VISUAL	6583	visual generation requests:
PERSONA_VISUAL	66050	Manage persona visual identity generation.:
PERSONA_VISUAL	67880	- "manage persona visual identity generation" must be tightened:
PERSONA_VISUAL	67998	Generate persona visual assets.:
PERSONA_VISUAL	68537	   - 0200005 persona visual architecture:
PERSONA_VISUAL	68664	Manage persona visual identity generation.:
PERSONA_VISUAL	68802	persona visual identity generation authority.:
PERSONA_VISUAL	68926	Generate persona visual assets.:
PERSONA_VISUAL	69798	Defines the constitutional role of persona visual domain.:
PERSONA_VISUAL	70726	Defines the constitutional role of persona visual domain.:
PERSONA_VISUAL	70812	Defines the structural overview of persona visual domain.:
PERSONA_VISUAL	71740	Defines the structural overview of persona visual domain.:
PERSONA_VISUAL	72585	for persona visual appearance.:
PERSONA_VISUAL	72619	used to represent a persona visually.:
PERSONA_VISUAL	72659	for persona visual behavior.:
PERSONA_VISUAL	73513	for persona visual appearance.:
PERSONA_VISUAL	73547	used to represent a persona visually.:
PERSONA_VISUAL	73587	for persona visual behavior.:
PERSONA_VISUAL	74208	Generate persona visual assets.:
PERSONA_VISUAL	74431	Defines the runtime overview of persona visual execution.:
PERSONA_VISUAL	7511	visual generation requests:
PERSONA_VISUAL	75359	Defines the runtime overview of persona visual execution.:
PERSONA_VISUAL	7591	Defines the constitutional role of persona visual domain.:
PERSONA_VISUAL	7598	Defines the constitutional role of persona visual domain.:
PERSONA_VISUAL	76531	Defines the constitutional role of persona visual domain.:
PERSONA_VISUAL	78439	persona visual identity:
PERSONA_VISUAL	78622	visual generation requests:
PERSONA_VISUAL	80715	Defines the structural overview of persona visual domain.:
PERSONA_VISUAL	81167	Defines the constitutional role of persona visual domain.:
PERSONA_VISUAL	81196	Defines the structural overview of persona visual domain.:
PERSONA_VISUAL	81296	for persona visual appearance.:
PERSONA_VISUAL	81326	used to represent a persona visually.:
PERSONA_VISUAL	81362	for persona visual behavior.:
PERSONA_VISUAL	86003	4. persona visual profile default background:
PERSONA_VISUAL	8605	Defines the structural overview of persona visual domain.:
PERSONA_VISUAL	8612	Defines the structural overview of persona visual domain.:
PERSONA_VISUAL	88323	for persona visual appearance.:
PERSONA_VISUAL	88360	used to represent a persona visually.:
PERSONA_VISUAL	88403	for persona visual behavior.:
PERSONA_VISUAL	88873	persona visual identity:
PERSONA_VISUAL	89051	visual generation requests:
PERSONA_VISUAL	89801	persona visual identity:
PERSONA_VISUAL	89979	visual generation requests:
PERSONA_VISUAL	91252	- "manage persona visual identity generation" must be tightened:
PERSONA_VISUAL	91909	   - 0200005 persona visual architecture:
PERSONA_VISUAL	92036	Manage persona visual identity generation.:
PERSONA_VISUAL	92174	persona visual identity generation authority.:
PERSONA_VISUAL	9265	4. persona visual profile default background:
PERSONA_VISUAL	93	Manage persona visual identity generation.:
PERSONA_VISUAL	94871	Manage persona visual identity generation.:
PERSONA_VISUAL	95195	4. persona visual profile default background:
PERSONA_VISUAL	95628	Defines the runtime overview of persona visual execution.:
PERSONA_VISUAL	96123	4. persona visual profile default background:
PERSONA_VISUAL	9629	4. persona visual profile default background:
PERSONA_VISUAL	96560	for persona visual appearance.:
PERSONA_VISUAL	96596	used to represent a persona visually.:
PERSONA_VISUAL	96638	for persona visual behavior.:
PERSONA_VISUAL	97450	check persona visual profile default background:
PERSONA_VISUAL	97488	for persona visual appearance.:
PERSONA_VISUAL	97524	used to represent a persona visually.:
PERSONA_VISUAL	97566	for persona visual behavior.:
PERSONA_VISUAL	99903	Defines the constitutional role of persona visual domain.:
