1005550	- cap_table_snapshot_id	Likely aligned if this remains dependent-only and canonical source stays PersonaOS.	
1005558	- cap_table_snapshot_id	Likely aligned if this remains dependent-only and canonical source stays PersonaOS.	
1128353	- persona_identity	Likely aligned if this remains dependent-only and canonical source stays PersonaOS.	
1292157	- cap_table_snapshot_id	Likely aligned if this remains dependent-only and canonical source stays PersonaOS.	
1292165	- cap_table_snapshot_id	Likely aligned if this remains dependent-only and canonical source stays PersonaOS.	
149272	- cap_table_snapshot_id	Likely aligned if this remains dependent-only and canonical source stays PersonaOS.	
149280	- cap_table_snapshot_id	Likely aligned if this remains dependent-only and canonical source stays PersonaOS.	
1536363	- cap_table_snapshot_id	Likely aligned if this remains dependent-only and canonical source stays PersonaOS.	
1536371	- cap_table_snapshot_id	Likely aligned if this remains dependent-only and canonical source stays PersonaOS.	
154789	- persona_identity	Likely aligned if this remains dependent-only and canonical source stays PersonaOS.	
154802	persona_identity	Likely aligned if this remains dependent-only and canonical source stays PersonaOS.	
154803	- persona_identity_id	Likely aligned if this remains dependent-only and canonical source stays PersonaOS.	
169294	- cap_table_snapshot_id	Likely aligned if this remains dependent-only and canonical source stays PersonaOS.	
169302	- cap_table_snapshot_id	Likely aligned if this remains dependent-only and canonical source stays PersonaOS.	
176915	- cap_table_snapshot_id	Likely aligned if this remains dependent-only and canonical source stays PersonaOS.	
176923	- cap_table_snapshot_id	Likely aligned if this remains dependent-only and canonical source stays PersonaOS.	
178516	- cap_table_snapshot_id	Likely aligned if this remains dependent-only and canonical source stays PersonaOS.	
178524	- cap_table_snapshot_id	Likely aligned if this remains dependent-only and canonical source stays PersonaOS.	
18	- cap_table_snapshot_id	Likely aligned if this remains dependent-only and canonical source stays PersonaOS.	
180621	- cap_table_snapshot_id	Likely aligned if this remains dependent-only and canonical source stays PersonaOS.	
180629	- cap_table_snapshot_id	Likely aligned if this remains dependent-only and canonical source stays PersonaOS.	
180855	- cap_table_snapshot_id	Likely aligned if this remains dependent-only and canonical source stays PersonaOS.	
180863	- cap_table_snapshot_id	Likely aligned if this remains dependent-only and canonical source stays PersonaOS.	
186381	2. bind persona_identity	Likely aligned if this remains dependent-only and canonical source stays PersonaOS.	
186388	2. bind persona_identity	Likely aligned if this remains dependent-only and canonical source stays PersonaOS.	
1877243	- cap_table_snapshot_id	Likely aligned if this remains dependent-only and canonical source stays PersonaOS.	
1877251	- cap_table_snapshot_id	Likely aligned if this remains dependent-only and canonical source stays PersonaOS.	
19	- persona_identity	Likely aligned if this remains dependent-only and canonical source stays PersonaOS.	
2083272	- cap_table_snapshot_id	Likely aligned if this remains dependent-only and canonical source stays PersonaOS.	
2083280	- cap_table_snapshot_id	Likely aligned if this remains dependent-only and canonical source stays PersonaOS.	
26	- cap_table_snapshot_id	Likely aligned if this remains dependent-only and canonical source stays PersonaOS.	
26	2. bind persona_identity	Likely aligned if this remains dependent-only and canonical source stays PersonaOS.	
28	- persona_identity	Likely aligned if this remains dependent-only and canonical source stays PersonaOS.	
32	persona_identity	Likely aligned if this remains dependent-only and canonical source stays PersonaOS.	
33	- persona_identity_id	Likely aligned if this remains dependent-only and canonical source stays PersonaOS.	
424827	- cap_table_snapshot_id	Likely aligned if this remains dependent-only and canonical source stays PersonaOS.	
424835	- cap_table_snapshot_id	Likely aligned if this remains dependent-only and canonical source stays PersonaOS.	
431891	- cap_table_snapshot_id	Likely aligned if this remains dependent-only and canonical source stays PersonaOS.	
431899	- cap_table_snapshot_id	Likely aligned if this remains dependent-only and canonical source stays PersonaOS.	
461408	2. bind persona_identity	Likely aligned if this remains dependent-only and canonical source stays PersonaOS.	
494786	- persona_identity	Likely aligned if this remains dependent-only and canonical source stays PersonaOS.	
494793	- persona_identity	Likely aligned if this remains dependent-only and canonical source stays PersonaOS.	
765707	- cap_table_snapshot_id	Likely aligned if this remains dependent-only and canonical source stays PersonaOS.	
765715	- cap_table_snapshot_id	Likely aligned if this remains dependent-only and canonical source stays PersonaOS.	
797853	- persona_identity	Likely aligned if this remains dependent-only and canonical source stays PersonaOS.	
799521	- cap_table_snapshot_id	Likely aligned if this remains dependent-only and canonical source stays PersonaOS.	
799529	- cap_table_snapshot_id	Likely aligned if this remains dependent-only and canonical source stays PersonaOS.	
819948	2. bind persona_identity	Likely aligned if this remains dependent-only and canonical source stays PersonaOS.	
971736	- cap_table_snapshot_id	Likely aligned if this remains dependent-only and canonical source stays PersonaOS.	
971744	- cap_table_snapshot_id	Likely aligned if this remains dependent-only and canonical source stays PersonaOS.	
